{"Policy/Swap_Ratio":0.4444444444444444,"Performance/Terminal_Fidelity":0.9417643547058105,"Performance/Episode_Length":9,"System/Steps_per_Second":240.78441578322935,"_runtime":24,"System/Epsilon":0.9989862392142748,"Performance/Success_Rate":9,"_step":312,"Performance/Reward":86.17643547058105,"System/total_steps":4322,"_timestamp":1.771122803555701e+09,"_wandb":{"runtime":24}}