{"_runtime":515,"epoch":4999,"epsilon":0.05019000000000007,"_timestamp":1.770987492070548e+09,"_step":4999,"reward":93,"_wandb":{"runtime":515}}